{"stats":{"minecraft:dropped":{"minecraft:wheat_seeds":18,"minecraft:lead":2,"minecraft:stick":14,"terramity:fairy_dust":1,"rats:raw_rat":2,"vinery:taiga_grape_seeds_white":4,"minecraft:spruce_sapling":19,"iceandfire:dragonbone":12,"minecraft:sugar_cane":2,"minecraft:wheat":2,"meds_and_herbs:bark_oak":6,"minecraft:rotten_flesh":1,"iceandfire:dragon_skull_ice":1,"immersive_weathering:grassy_permafrost":3,"minecraft:oak_sapling":1,"minecraft:ladder":58,"doggytalents:rice_grains":1,"brewery:hops_seeds":4,"minecraft:egg":3},"minecraft:used":{"galosphere:combustion_table":1,"refurbished_furniture:jungle_chair":4,"minecraft:oak_fence":4,"handcrafted:evoker_trophy":1,"refurbished_furniture:light_gray_lamp":1,"handcrafted:warped_nightstand":2,"refurbished_furniture:cyan_lamp":1,"chipped:historical_oak_bookshelf":3,"handcrafted:kitchen_hood":5,"minecraft:blue_terracotta":2,"minecraft:writable_book":1,"minecraft:enchanting_table":2,"minecraft:polished_granite_stairs":2,"supplementaries:hourglass":2,"chipped:tinkering_table":3,"handcrafted:birch_table":10,"minecraft:flint_and_steel":1,"create:schematic_table":14,"minecraft:smooth_quartz_slab":11,"minecraft:armor_stand":1,"chipped:red_paper_lantern":2,"minecraft:redstone":3,"refurbished_furniture:spruce_kitchen_drawer":1,"minecraft:ladder":58,"beautify:jungle_picture_frame":1,"minecraft:oak_sign":26,"minecraft:light_blue_terracotta":27,"minecraft:decorated_pot":1,"farmersdelight:stove":19,"supplementaries:candle_holder_black":15,"minecraft:stone":1,"chipped:iron_bowl_lantern":1,"refurbished_furniture:light_fridge":1,"supplementaries:domum_ornamentum/sign_post_cactus_extra":1,"minecraft:creeper_head":1,"chipped:beach_birch_door":4,"refurbished_furniture:cherry_chair":4,"refurbished_furniture:oak_storage_jar":1,"handcrafted:mangrove_nightstand":1,"supplementaries:sconce":6,"handcrafted:stackable_book":42,"chipped:sliding_mangrove_door":2,"refurbished_furniture:dark_microwave":3,"minecraft:soul_campfire":1,"minecraft:orange_bed":2,"handcrafted:bamboo_side_table":1,"chipped:tile_windowed_jungle_door":1,"supplementaries:globe":2,"handcrafted:fox_trophy":1,"handcrafted:crimson_couch":3,"handcrafted:oak_table":2,"handcrafted:oak_side_table":2,"minecraft:dirt":835,"iammusicplayer:boombox":2,"handcrafted:white_glazed_thick_pot":1,"chipped:alchemy_bench":6,"minecraft:brick_slab":3,"handcrafted:bamboo_table":7,"handcrafted:cherry_side_table":1,"refurbished_furniture:television":1,"handcrafted:spruce_side_table":1,"minecraft:oak_wood":271,"minecraft:polished_granite_slab":25,"supplementaries:planter":1,"minecraft:granite":13,"supplementaries:item_shelf":2,"handcrafted:cherry_nightstand":1,"farmersdelight:stuffed_pumpkin_block":1,"handcrafted:spruce_table":10,"minecraft:polished_diorite":43,"handcrafted:wither_skeleton_trophy":2,"brewery:table":3,"farmersdelight:oak_cabinet":1,"chipped:botanical_oak_cubed_bookshelf":12,"handcrafted:terracotta_crockery_combo":1,"supplementaries:jar":1,"minecraft:glass":8,"minecraft:wooden_axe":2,"supplementaries:pedestal":2,"refurbished_furniture:dark_oak_desk":4,"refurbished_furniture:warped_drawer":2,"handcrafted:bear_trophy":1,"handcrafted:spruce_fancy_bed":1,"refurbished_furniture:dark_oak_crate":14,"chipped:tile_windowed_dark_oak_door":1,"minecraft:bricks":26,"supplementaries:globe_sepia":2,"minecraft:bookshelf":7,"minecraft:quartz_pillar":4,"chipped:glassblower":6,"minecraft:grass_block":947,"scguns:lone_wonder":18,"scguns:newborn_cyst":7,"minecraft:red_wool":135,"chipped:barred_jungle_door":2,"minecraft:lantern":91,"handcrafted:dark_oak_couch":7,"handcrafted:jungle_nightstand":6,"farmersdelight:rice_roll_medley_block":1,"refurbished_furniture:birch_chair":6,"minecraft:brick_stairs":3,"chipped:donut_lantern":3,"refurbished_furniture:light_microwave":1,"dungeons_plus:soul_cannon":1,"refurbished_furniture:light_toaster":1,"chipped:big_lantern":2,"handcrafted:kitchen_hood_pipe":18,"refurbished_furniture:white_lamp":2,"handcrafted:warped_side_table":1,"chipped:paper_crimson_door":2,"chipped:wooden_cage_lantern":3,"handcrafted:dark_oak_cupboard":2,"supplementaries:goblet":1,"handcrafted:dark_oak_desk":3,"refurbished_furniture:spruce_chair":4,"refurbished_furniture:mangrove_kitchen_cabinetry":3,"refurbished_furniture:oak_desk":15,"minecraft:item_frame":11,"minecraft:stone_bricks":1,"refurbished_furniture:acacia_kitchen_drawer":2,"refurbished_furniture:crimson_storage_jar":2,"minecraft:bamboo":1,"brewery:beer_haley":4,"handcrafted:jungle_drawer":1,"refurbished_furniture:birch_drawer":4,"refurbished_furniture:oak_crate":10,"farmersdelight:cutting_board":6,"handcrafted:oak_dining_bench":1,"minecraft:furnace":2,"chipped:boarded_dark_oak_door":1,"beautify:warped_picture_frame":2,"handcrafted:berry_jam_jar":4,"minecraft:egg":1,"farmersdelight:cooking_pot":12,"farmersdelight:shepherds_pie_block":1,"refurbished_furniture:acacia_desk":4,"minecraft:polished_diorite_stairs":2,"handcrafted:acacia_fancy_bed":3,"chipped:tile_windowed_oak_door":2,"supplementaries:statue":1,"refurbished_furniture:crimson_kitchen_cabinetry":2,"handcrafted:jungle_fancy_bed":4,"handcrafted:dark_oak_table":6,"minecraft:cooked_beef":5,"handcrafted:acacia_side_table":1,"irons_spellbooks:pedestal":2,"refurbished_furniture:oak_table":9,"farmersdelight:roast_chicken_block":1,"chipped:loom_table":1,"minecraft:calcite":11,"handcrafted:mangrove_fancy_bed":6,"handcrafted:warped_fancy_bed":6,"minecraft:mossy_stone_bricks":14,"minecraft:diorite":132,"handcrafted:dark_oak_side_table":1,"supplementaries:candle_holder_light_gray":1,"farmersdelight:skillet":3,"refurbished_furniture:warped_kitchen_cabinetry":5,"handcrafted:yellow_crockery_combo":1,"refurbished_furniture:jungle_desk":6,"farmersdelight:honey_glazed_ham_block":1,"chipped:orange_paper_soul_lantern":1,"refurbished_furniture:acacia_kitchen_cabinetry":2,"ad_astra:glacian_door":1,"refurbished_furniture:mangrove_desk":2,"refurbished_furniture:red_stool":1,"weather2:weather_deflector":44,"minecraft:oak_planks":1,"minecraft:cartography_table":3,"chipped:screen_dark_oak_door":4,"minecraft:ender_pearl":701,"refurbished_furniture:light_stove":1,"beautify:botanist_workbench":1,"handcrafted:birch_fancy_bed":5,"beautify:hanging_pot":4,"handcrafted:cherry_fancy_bed":2,"chipped:shack_oak_door":2,"minecraft:cracked_stone_bricks":18,"minecraft:conduit":1,"chipped:glass_spruce_door":1,"supplementaries:hat_stand":3,"handcrafted:spruce_desk":2,"handcrafted:mangrove_desk":2,"refurbished_furniture:warped_crate":3,"scguns:astella":10,"chipped:curvy_bookshelf":14,"refurbished_furniture:oak_kitchen_drawer":3,"handcrafted:sandstone_corner_trim":6,"minecraft:crafting_table":1,"chipped:mason_table":3,"chipped:tiled_dark_oak_door":2,"chipped:tall_lantern":17,"refurbished_furniture:spruce_kitchen_cabinetry":3,"handcrafted:bamboo_bench":6,"supplementaries:candle_holder":14,"chipped:shack_cherry_door":1,"refurbished_furniture:spruce_desk":1,"refurbished_furniture:oak_cutting_board":2,"chipped:white_paper_lantern":2,"chipped:wrought_iron_lantern":5,"the_bumblezone:super_candle":1,"refurbished_furniture:red_sofa":4,"chipped:full_bookshelf":15,"handcrafted:bamboo_fancy_bed":2,"minecraft:painting":41,"supplementaries:candle_holder_yellow":10,"minecraft:spruce_log":101,"chipped:paper_jungle_door":4,"minecraft:cake":1,"minecraft:smoker":2,"refurbished_furniture:computer":2,"refurbished_furniture:mangrove_drawer":5,"refurbished_furniture:warped_kitchen_drawer":1,"refurbished_furniture:cherry_kitchen_cabinetry":4,"refurbished_furniture:acacia_table":2,"handcrafted:warped_table":1,"supplementaries:flower_box":6,"handcrafted:terracotta_bowl":1,"refurbished_furniture:dark_electricity_generator":1,"handcrafted:crimson_nightstand":1,"handcrafted:blue_crockery_combo":3,"minecraft:flower_pot":8,"chipped:botanist_workbench":5,"chipped:quartz_block_bricks":33,"handcrafted:jungle_desk":4,"refurbished_furniture:light_blue_lamp":1,"refurbished_furniture:gray_stool":1,"chipped:boarded_birch_door":1,"handcrafted:dark_oak_fancy_bed":2,"supplementaries:candle_holder_light_blue":4,"chipped:windowed_warped_door":1,"handcrafted:birch_desk":2,"refurbished_furniture:birch_table":3,"minecraft:polished_granite":1,"chipped:sliding_jungle_door":1,"refurbished_furniture:crimson_chair":7,"handcrafted:oven":9,"chipped:wide_lantern":2,"beautify:bookstack":11,"refurbished_furniture:spruce_table":3,"chipped:gated_mangrove_door":1,"refurbished_furniture:light_electricity_generator":3,"refurbished_furniture:white_kitchen_sink":1,"chipped:paper_mangrove_door":1,"handcrafted:oak_desk":2,"beautify:quartz_picture_frame":2,"blue_skies:maple_bookshelf":15,"handcrafted:bamboo_dining_bench":4,"handcrafted:mangrove_table":4,"handcrafted:acacia_desk":2,"minecraft:soul_lantern":2,"chipped:shack_bamboo_door":2,"refurbished_furniture:cherry_crate":3,"refurbished_furniture:dark_oak_kitchen_cabinetry":1,"handcrafted:jungle_couch":3,"refurbished_furniture:birch_crate":3,"chipped:yellow_tube_lantern":9,"chipped:fortified_oak_door":3,"chipped:checkered_iron_lantern":21,"minecraft:cobblestone":649,"minecraft:potion":1,"refurbished_furniture:oak_kitchen_cabinetry":6,"chipped:cubed_oak_bookshelf":6,"handcrafted:white_glazed_thin_pot":1,"handcrafted:oak_fancy_bed":1,"refurbished_furniture:oak_kitchen_sink":1,"toughasnails:purified_water_bottle":7,"handcrafted:crimson_desk":1,"beautify:acacia_picture_frame":6,"minecraft:andesite_stairs":18,"chipped:overgrown_dark_oak_door":1,"minecraft:glass_pane":6,"minecraft:chain":1,"beautify:rope":18,"minecraft:black_candle":5,"handcrafted:warped_dining_bench":1,"toughasnails:apple_juice":2,"minecraft:dandelion":1,"minecraft:stripped_oak_log":28,"chipped:carpenters_table":22,"minecraft:coarse_dirt":565,"minecraft:oak_hanging_sign":16,"refurbished_furniture:birch_desk":5,"handcrafted:creeper_trophy":2,"refurbished_furniture:oak_chair":7,"handcrafted:witch_trophy":1},"minecraft:custom":{"minecraft:mob_kills":17,"minecraft:interact_with_crafting_table":1,"minecraft:bell_ring":1,"minecraft:leave_game":6,"minecraft:time_since_death":897171,"minecraft:climb_one_cm":24859,"minecraft:sprint_one_cm":2282178,"minecraft:walk_one_cm":1533676,"minecraft:drop":34,"minecraft:play_time":897171,"minecraft:sneak_time":10076,"minecraft:walk_under_water_one_cm":43482,"minecraft:jump":11217,"minecraft:walk_on_water_one_cm":87164,"minecraft:total_world_time":897171,"minecraft:interact_with_furnace":1,"minecraft:pot_flower":7,"minecraft:time_since_rest":897171,"minecraft:damage_taken":280,"minecraft:damage_dealt":221,"minecraft:fly_one_cm":3024857,"minecraft:swim_one_cm":44811,"minecraft:open_chest":6,"minecraft:crouch_one_cm":35011,"minecraft:interact_with_smoker":6,"minecraft:fall_one_cm":409163},"minecraft:picked_up":{"minecraft:wheat":3,"minecraft:ladder":58,"minecraft:lead":2,"terramity:fairy_dust":1,"minecraft:oak_sign":1,"minecraft:sugar_cane":2,"minecraft:egg":3,"minecraft:stick":15,"iceandfire:dragonbone":12,"meds_and_herbs:bark_oak":6,"minecraft:pointed_dripstone":1,"minecraft:netherite_pickaxe":1,"iceandfire:dragon_skull_ice":1,"minecraft:rotten_flesh":2,"iammusicplayer:boombox":1,"minecraft:white_wool":1,"doggytalents:rice_grains":1,"immersive_weathering:grassy_permafrost":3,"rats:raw_rat":3,"brewery:hops_seeds":9,"rats:plague_leech":1,"minecraft:wheat_seeds":18,"beautify:hanging_pot":1,"vinery:taiga_grape_seeds_white":4,"minecraft:oak_pressure_plate":7,"minecraft:spruce_sapling":25,"minecraft:oak_sapling":1},"minecraft:killed":{"mca:female_zombie_villager":1,"alexsmobs:blue_jay":1,"rats:plague_doctor":1,"rats:rat":3,"terramity:green_fairy":1,"mca:male_villager":4,"mca:female_villager":6}},"DataVersion":3465}