{"stats":{"minecraft:custom":{"minecraft:time_since_rest":245536,"minecraft:sprint_one_cm":347095,"minecraft:damage_taken":280,"minecraft:walk_one_cm":407414,"minecraft:mob_kills":1,"minecraft:drop":3,"minecraft:fly_one_cm":1023838,"minecraft:open_chest":3,"minecraft:crouch_one_cm":23612,"minecraft:play_time":245536,"minecraft:sneak_time":5679,"minecraft:jump":3884,"minecraft:leave_game":2,"minecraft:time_since_death":245536,"minecraft:walk_on_water_one_cm":1865,"minecraft:total_world_time":245536,"minecraft:climb_one_cm":18189,"minecraft:fall_one_cm":167020},"minecraft:used":{"minecraft:calcite":10,"minecraft:glass":8,"minecraft:diorite":11,"minecraft:mossy_stone_bricks":2,"minecraft:blue_terracotta":2,"chipped:quartz_block_bricks":11,"minecraft:bricks":15,"create:schematic_table":14,"minecraft:smooth_quartz_slab":3,"minecraft:grass_block":41,"scguns:lone_wonder":18,"minecraft:ladder":58,"minecraft:light_blue_terracotta":27,"minecraft:ender_pearl":193,"minecraft:cracked_stone_bricks":3,"minecraft:cobblestone":649,"toughasnails:purified_water_bottle":7,"minecraft:oak_wood":30,"minecraft:egg":1,"minecraft:cooked_beef":5,"minecraft:coarse_dirt":6,"minecraft:polished_diorite":12},"minecraft:picked_up":{"iceandfire:dragonbone":12,"vinery:taiga_grape_seeds_white":4,"minecraft:spruce_sapling":4,"minecraft:pointed_dripstone":1,"brewery:hops_seeds":5,"minecraft:egg":1},"minecraft:dropped":{"vinery:taiga_grape_seeds_white":4,"iceandfire:dragonbone":12,"minecraft:egg":1},"minecraft:killed":{"terramity:green_fairy":1}},"DataVersion":3465}