{"stats":{"minecraft:picked_up":{"brewery:hops_seeds":3,"iceandfire:dragonbone":12,"vinery:taiga_grape_seeds_white":2,"minecraft:spruce_sapling":2,"minecraft:egg":1},"minecraft:killed":{"terramity:green_fairy":1},"minecraft:used":{"minecraft:cobblestone":347,"create:schematic_table":8,"toughasnails:purified_water_bottle":7,"scguns:lone_wonder":18,"minecraft:ladder":58,"minecraft:ender_pearl":98,"minecraft:oak_wood":30,"minecraft:egg":1,"minecraft:cooked_beef":5},"minecraft:dropped":{"iceandfire:dragonbone":12,"minecraft:egg":1},"minecraft:custom":{"minecraft:open_chest":3,"minecraft:time_since_rest":150435,"minecraft:crouch_one_cm":10805,"minecraft:sprint_one_cm":201657,"minecraft:play_time":150435,"minecraft:damage_taken":40,"minecraft:walk_one_cm":290794,"minecraft:sneak_time":2545,"minecraft:mob_kills":1,"minecraft:drop":2,"minecraft:jump":2322,"minecraft:walk_on_water_one_cm":641,"minecraft:leave_game":1,"minecraft:time_since_death":150435,"minecraft:climb_one_cm":18189,"minecraft:total_world_time":150435,"minecraft:fall_one_cm":89115,"minecraft:fly_one_cm":646412}},"DataVersion":3465}