{"stats":{"minecraft:picked_up":{"brewery:hops_seeds":3,"iceandfire:dragonbone":12,"vinery:taiga_grape_seeds_white":2,"minecraft:spruce_sapling":2,"minecraft:egg":1},"minecraft:killed":{"terramity:green_fairy":1},"minecraft:used":{"minecraft:cobblestone":215,"create:schematic_table":7,"toughasnails:purified_water_bottle":7,"scguns:lone_wonder":18,"minecraft:ladder":58,"minecraft:ender_pearl":59,"minecraft:oak_wood":30,"minecraft:egg":1,"minecraft:cooked_beef":5},"minecraft:dropped":{"minecraft:egg":1},"minecraft:custom":{"minecraft:time_since_rest":126435,"minecraft:crouch_one_cm":10248,"minecraft:sprint_one_cm":155253,"minecraft:play_time":126435,"minecraft:damage_taken":40,"minecraft:walk_one_cm":266657,"minecraft:sneak_time":2422,"minecraft:mob_kills":1,"minecraft:drop":1,"minecraft:jump":1736,"minecraft:walk_on_water_one_cm":641,"minecraft:leave_game":1,"minecraft:time_since_death":126435,"minecraft:climb_one_cm":18189,"minecraft:total_world_time":126435,"minecraft:fall_one_cm":68858,"minecraft:fly_one_cm":485587}},"DataVersion":3465}