{"stats":{"minecraft:killed":{"mca:female_zombie_villager":1,"rats:plague_doctor":1,"rats:rat":3,"terramity:green_fairy":1,"mca:male_villager":3,"mca:female_villager":3},"minecraft:picked_up":{"minecraft:wheat":1,"minecraft:ladder":58,"minecraft:lead":2,"terramity:fairy_dust":1,"minecraft:oak_sign":1,"minecraft:sugar_cane":2,"minecraft:egg":3,"minecraft:stick":15,"iceandfire:dragonbone":12,"meds_and_herbs:bark_oak":6,"minecraft:pointed_dripstone":1,"iceandfire:dragon_skull_ice":1,"minecraft:rotten_flesh":2,"iammusicplayer:boombox":1,"minecraft:white_wool":1,"doggytalents:rice_grains":1,"immersive_weathering:grassy_permafrost":3,"rats:raw_rat":3,"brewery:hops_seeds":9,"rats:plague_leech":1,"minecraft:wheat_seeds":10,"beautify:hanging_pot":1,"vinery:taiga_grape_seeds_white":4,"minecraft:oak_pressure_plate":3,"minecraft:spruce_sapling":25,"minecraft:oak_sapling":1},"minecraft:dropped":{"minecraft:wheat_seeds":10,"minecraft:lead":2,"minecraft:stick":14,"rats:raw_rat":2,"terramity:fairy_dust":1,"vinery:taiga_grape_seeds_white":4,"minecraft:spruce_sapling":19,"iceandfire:dragonbone":12,"minecraft:sugar_cane":2,"meds_and_herbs:bark_oak":6,"minecraft:rotten_flesh":1,"iceandfire:dragon_skull_ice":1,"immersive_weathering:grassy_permafrost":3,"minecraft:oak_sapling":1,"minecraft:ladder":58,"doggytalents:rice_grains":1,"brewery:hops_seeds":4,"minecraft:egg":3},"minecraft:used":{"galosphere:combustion_table":1,"refurbished_furniture:jungle_chair":4,"refurbished_furniture:light_gray_lamp":1,"minecraft:oak_fence":4,"handcrafted:warped_nightstand":1,"chipped:historical_oak_bookshelf":3,"minecraft:blue_terracotta":2,"handcrafted:kitchen_hood":3,"minecraft:writable_book":1,"minecraft:polished_granite_stairs":2,"supplementaries:hourglass":1,"chipped:tinkering_table":3,"handcrafted:birch_table":10,"minecraft:flint_and_steel":1,"create:schematic_table":14,"minecraft:smooth_quartz_slab":11,"chipped:red_paper_lantern":2,"minecraft:redstone":3,"beautify:jungle_picture_frame":1,"refurbished_furniture:spruce_kitchen_drawer":1,"minecraft:ladder":58,"minecraft:oak_sign":26,"minecraft:light_blue_terracotta":27,"minecraft:decorated_pot":1,"farmersdelight:stove":17,"supplementaries:candle_holder_black":15,"refurbished_furniture:light_fridge":1,"chipped:iron_bowl_lantern":1,"minecraft:stone":1,"supplementaries:domum_ornamentum/sign_post_cactus_extra":1,"chipped:beach_birch_door":4,"refurbished_furniture:cherry_chair":4,"refurbished_furniture:oak_storage_jar":1,"handcrafted:mangrove_nightstand":1,"supplementaries:sconce":6,"handcrafted:stackable_book":27,"minecraft:soul_campfire":1,"handcrafted:bamboo_side_table":1,"minecraft:orange_bed":2,"chipped:tile_windowed_jungle_door":1,"supplementaries:globe":2,"handcrafted:crimson_couch":3,"handcrafted:oak_table":2,"handcrafted:oak_side_table":2,"minecraft:dirt":828,"iammusicplayer:boombox":2,"handcrafted:white_glazed_thick_pot":1,"chipped:alchemy_bench":5,"handcrafted:bamboo_table":4,"minecraft:brick_slab":3,"refurbished_furniture:television":1,"handcrafted:spruce_side_table":1,"minecraft:oak_wood":271,"minecraft:polished_granite_slab":25,"supplementaries:planter":1,"minecraft:granite":13,"supplementaries:item_shelf":2,"minecraft:polished_diorite":43,"handcrafted:wither_skeleton_trophy":2,"handcrafted:spruce_table":10,"supplementaries:jar":1,"refurbished_furniture:warped_drawer":2,"minecraft:glass":8,"handcrafted:terracotta_crockery_combo":1,"minecraft:wooden_axe":2,"refurbished_furniture:dark_oak_desk":1,"chipped:botanical_oak_cubed_bookshelf":12,"handcrafted:bear_trophy":1,"handcrafted:spruce_fancy_bed":1,"refurbished_furniture:dark_oak_crate":14,"minecraft:bricks":26,"minecraft:bookshelf":3,"minecraft:quartz_pillar":4,"supplementaries:globe_sepia":2,"minecraft:lantern":35,"scguns:newborn_cyst":7,"minecraft:red_wool":135,"handcrafted:dark_oak_couch":4,"chipped:glassblower":3,"minecraft:grass_block":947,"handcrafted:jungle_nightstand":2,"scguns:lone_wonder":18,"refurbished_furniture:birch_chair":6,"minecraft:brick_stairs":3,"chipped:donut_lantern":3,"refurbished_furniture:light_microwave":1,"dungeons_plus:soul_cannon":1,"refurbished_furniture:light_toaster":1,"refurbished_furniture:white_lamp":1,"chipped:big_lantern":2,"handcrafted:kitchen_hood_pipe":12,"chipped:wooden_cage_lantern":3,"supplementaries:goblet":1,"handcrafted:dark_oak_desk":1,"refurbished_furniture:spruce_chair":4,"refurbished_furniture:mangrove_kitchen_cabinetry":3,"refurbished_furniture:oak_desk":10,"refurbished_furniture:crimson_storage_jar":2,"minecraft:stone_bricks":1,"refurbished_furniture:acacia_kitchen_drawer":2,"minecraft:item_frame":11,"minecraft:bamboo":1,"refurbished_furniture:birch_drawer":4,"refurbished_furniture:oak_crate":4,"farmersdelight:cutting_board":4,"handcrafted:oak_dining_bench":1,"minecraft:furnace":2,"chipped:boarded_dark_oak_door":1,"beautify:warped_picture_frame":1,"handcrafted:berry_jam_jar":1,"farmersdelight:shepherds_pie_block":1,"farmersdelight:cooking_pot":10,"refurbished_furniture:crimson_kitchen_cabinetry":2,"refurbished_furniture:acacia_desk":4,"minecraft:polished_diorite_stairs":2,"handcrafted:acacia_fancy_bed":3,"chipped:tile_windowed_oak_door":2,"supplementaries:statue":1,"minecraft:egg":1,"handcrafted:dark_oak_table":6,"minecraft:cooked_beef":5,"handcrafted:jungle_fancy_bed":4,"irons_spellbooks:pedestal":2,"refurbished_furniture:oak_table":3,"farmersdelight:roast_chicken_block":1,"minecraft:calcite":10,"chipped:loom_table":1,"handcrafted:mangrove_fancy_bed":6,"handcrafted:warped_fancy_bed":5,"minecraft:mossy_stone_bricks":14,"minecraft:diorite":124,"handcrafted:dark_oak_side_table":1,"supplementaries:candle_holder_light_gray":1,"farmersdelight:skillet":3,"handcrafted:yellow_crockery_combo":1,"minecraft:oak_planks":1,"chipped:orange_paper_soul_lantern":1,"ad_astra:glacian_door":1,"refurbished_furniture:red_stool":1,"refurbished_furniture:mangrove_desk":2,"refurbished_furniture:acacia_kitchen_cabinetry":2,"weather2:weather_deflector":44,"minecraft:cartography_table":3,"chipped:screen_dark_oak_door":4,"minecraft:ender_pearl":701,"handcrafted:birch_fancy_bed":5,"beautify:hanging_pot":3,"handcrafted:cherry_fancy_bed":2,"chipped:shack_oak_door":2,"supplementaries:hat_stand":2,"chipped:glass_spruce_door":1,"minecraft:cracked_stone_bricks":18,"handcrafted:spruce_desk":2,"handcrafted:mangrove_desk":2,"refurbished_furniture:warped_crate":3,"refurbished_furniture:oak_kitchen_drawer":3,"scguns:astella":6,"chipped:curvy_bookshelf":14,"handcrafted:sandstone_corner_trim":6,"minecraft:crafting_table":1,"chipped:mason_table":3,"chipped:tiled_dark_oak_door":2,"refurbished_furniture:spruce_kitchen_cabinetry":3,"supplementaries:candle_holder":14,"handcrafted:bamboo_bench":6,"refurbished_furniture:spruce_desk":1,"chipped:tall_lantern":17,"refurbished_furniture:oak_cutting_board":2,"chipped:white_paper_lantern":2,"chipped:wrought_iron_lantern":5,"the_bumblezone:super_candle":1,"refurbished_furniture:red_sofa":2,"handcrafted:bamboo_fancy_bed":2,"minecraft:painting":31,"supplementaries:candle_holder_yellow":10,"chipped:paper_jungle_door":4,"minecraft:cake":1,"minecraft:smoker":1,"minecraft:spruce_log":101,"refurbished_furniture:computer":2,"refurbished_furniture:acacia_table":2,"handcrafted:warped_table":1,"handcrafted:terracotta_bowl":1,"supplementaries:flower_box":6,"refurbished_furniture:dark_electricity_generator":1,"handcrafted:crimson_nightstand":1,"handcrafted:blue_crockery_combo":2,"minecraft:flower_pot":7,"chipped:botanist_workbench":4,"chipped:quartz_block_bricks":33,"refurbished_furniture:light_blue_lamp":1,"refurbished_furniture:gray_stool":1,"chipped:boarded_birch_door":1,"handcrafted:dark_oak_fancy_bed":2,"supplementaries:candle_holder_light_blue":4,"chipped:windowed_warped_door":1,"handcrafted:birch_desk":2,"refurbished_furniture:birch_table":3,"chipped:sliding_jungle_door":1,"refurbished_furniture:white_kitchen_sink":1,"chipped:paper_mangrove_door":1,"refurbished_furniture:crimson_chair":2,"beautify:bookstack":9,"refurbished_furniture:spruce_table":2,"beautify:quartz_picture_frame":2,"handcrafted:oven":7,"refurbished_furniture:light_electricity_generator":3,"chipped:gated_mangrove_door":1,"chipped:wide_lantern":2,"handcrafted:oak_desk":2,"blue_skies:maple_bookshelf":15,"handcrafted:bamboo_dining_bench":3,"handcrafted:acacia_desk":2,"minecraft:soul_lantern":2,"chipped:shack_bamboo_door":2,"refurbished_furniture:dark_oak_kitchen_cabinetry":1,"refurbished_furniture:cherry_crate":3,"chipped:yellow_tube_lantern":9,"chipped:checkered_iron_lantern":21,"refurbished_furniture:oak_kitchen_cabinetry":6,"minecraft:cobblestone":649,"minecraft:potion":1,"chipped:cubed_oak_bookshelf":6,"handcrafted:oak_fancy_bed":1,"refurbished_furniture:oak_kitchen_sink":1,"toughasnails:purified_water_bottle":7,"handcrafted:crimson_desk":1,"beautify:acacia_picture_frame":6,"chipped:overgrown_dark_oak_door":1,"minecraft:andesite_stairs":18,"minecraft:black_candle":5,"minecraft:chain":1,"minecraft:glass_pane":4,"beautify:rope":18,"minecraft:dandelion":1,"minecraft:stripped_oak_log":28,"chipped:carpenters_table":19,"minecraft:coarse_dirt":564,"minecraft:oak_hanging_sign":16,"refurbished_furniture:birch_desk":5,"handcrafted:creeper_trophy":1,"handcrafted:witch_trophy":1,"refurbished_furniture:oak_chair":3},"minecraft:custom":{"minecraft:mob_kills":12,"minecraft:bell_ring":1,"minecraft:leave_game":5,"minecraft:time_since_death":828866,"minecraft:climb_one_cm":24859,"minecraft:sprint_one_cm":2038578,"minecraft:walk_one_cm":1372825,"minecraft:drop":30,"minecraft:play_time":828866,"minecraft:sneak_time":9950,"minecraft:walk_under_water_one_cm":43482,"minecraft:jump":11148,"minecraft:walk_on_water_one_cm":87164,"minecraft:total_world_time":828866,"minecraft:interact_with_furnace":1,"minecraft:pot_flower":6,"minecraft:time_since_rest":828866,"minecraft:damage_taken":280,"minecraft:damage_dealt":123,"minecraft:swim_one_cm":44811,"minecraft:fly_one_cm":3004677,"minecraft:open_chest":6,"minecraft:crouch_one_cm":34871,"minecraft:interact_with_smoker":3,"minecraft:fall_one_cm":407063}},"DataVersion":3465}