{"stats":{"minecraft:picked_up":{"brewery:hops_seeds":4,"iceandfire:dragonbone":12,"vinery:taiga_grape_seeds_white":2,"minecraft:spruce_sapling":2,"minecraft:egg":1},"minecraft:killed":{"terramity:green_fairy":1},"minecraft:used":{"minecraft:cobblestone":399,"create:schematic_table":9,"toughasnails:purified_water_bottle":7,"scguns:lone_wonder":18,"minecraft:ladder":58,"minecraft:ender_pearl":101,"minecraft:oak_wood":30,"minecraft:egg":1,"minecraft:cooked_beef":5},"minecraft:dropped":{"iceandfire:dragonbone":12,"minecraft:egg":1},"minecraft:custom":{"minecraft:open_chest":3,"minecraft:time_since_rest":162435,"minecraft:crouch_one_cm":10987,"minecraft:sprint_one_cm":217807,"minecraft:play_time":162435,"minecraft:damage_taken":40,"minecraft:walk_one_cm":302889,"minecraft:sneak_time":2579,"minecraft:mob_kills":1,"minecraft:drop":2,"minecraft:jump":2570,"minecraft:walk_on_water_one_cm":641,"minecraft:leave_game":1,"minecraft:time_since_death":162435,"minecraft:climb_one_cm":18189,"minecraft:total_world_time":162435,"minecraft:fall_one_cm":98359,"minecraft:fly_one_cm":718164}},"DataVersion":3465}