{"stats":{"minecraft:custom":{"minecraft:time_since_rest":293536,"minecraft:sprint_one_cm":578073,"minecraft:damage_taken":280,"minecraft:walk_one_cm":551063,"minecraft:mob_kills":6,"minecraft:drop":3,"minecraft:damage_dealt":10,"minecraft:fly_one_cm":1194477,"minecraft:open_chest":3,"minecraft:crouch_one_cm":25520,"minecraft:play_time":293536,"minecraft:sneak_time":6321,"minecraft:jump":4581,"minecraft:leave_game":2,"minecraft:time_since_death":293536,"minecraft:walk_on_water_one_cm":1865,"minecraft:total_world_time":293536,"minecraft:climb_one_cm":18217,"minecraft:fall_one_cm":193453},"minecraft:used":{"minecraft:calcite":10,"minecraft:glass":8,"minecraft:diorite":42,"minecraft:mossy_stone_bricks":14,"minecraft:blue_terracotta":2,"minecraft:polished_granite_stairs":2,"chipped:quartz_block_bricks":33,"minecraft:bricks":25,"minecraft:quartz_pillar":4,"scguns:newborn_cyst":7,"create:schematic_table":14,"minecraft:smooth_quartz_slab":11,"minecraft:grass_block":229,"scguns:lone_wonder":18,"minecraft:ladder":58,"minecraft:light_blue_terracotta":27,"minecraft:ender_pearl":224,"minecraft:cracked_stone_bricks":18,"minecraft:dirt":575,"minecraft:cobblestone":649,"toughasnails:purified_water_bottle":7,"minecraft:brick_slab":3,"minecraft:polished_diorite_stairs":2,"minecraft:oak_wood":30,"minecraft:egg":1,"minecraft:polished_granite_slab":25,"minecraft:cooked_beef":5,"minecraft:coarse_dirt":54,"minecraft:granite":10,"minecraft:polished_diorite":43},"minecraft:picked_up":{"iceandfire:dragonbone":12,"vinery:taiga_grape_seeds_white":4,"minecraft:spruce_sapling":4,"minecraft:pointed_dripstone":1,"brewery:hops_seeds":5,"minecraft:egg":1},"minecraft:dropped":{"vinery:taiga_grape_seeds_white":4,"iceandfire:dragonbone":12,"minecraft:egg":1},"minecraft:killed":{"mca:male_villager":2,"mca:female_villager":3,"terramity:green_fairy":1}},"DataVersion":3465}