{"stats":{"minecraft:custom":{"minecraft:mob_kills":7,"minecraft:bell_ring":1,"minecraft:leave_game":2,"minecraft:time_since_death":539536,"minecraft:climb_one_cm":24859,"minecraft:time_since_rest":539536,"minecraft:sprint_one_cm":1326591,"minecraft:damage_taken":280,"minecraft:walk_one_cm":939521,"minecraft:drop":26,"minecraft:damage_dealt":118,"minecraft:swim_one_cm":44811,"minecraft:fly_one_cm":2851806,"minecraft:open_chest":6,"minecraft:crouch_one_cm":32321,"minecraft:play_time":539536,"minecraft:sneak_time":8400,"minecraft:walk_under_water_one_cm":43049,"minecraft:jump":10556,"minecraft:walk_on_water_one_cm":87162,"minecraft:total_world_time":539536,"minecraft:fall_one_cm":388314},"minecraft:used":{"minecraft:calcite":10,"minecraft:mossy_stone_bricks":14,"minecraft:blue_terracotta":2,"minecraft:diorite":109,"minecraft:polished_granite_stairs":2,"create:schematic_table":14,"minecraft:smooth_quartz_slab":11,"minecraft:ladder":58,"weather2:weather_deflector":44,"minecraft:oak_sign":7,"minecraft:light_blue_terracotta":27,"minecraft:ender_pearl":700,"minecraft:cracked_stone_bricks":18,"minecraft:dirt":721,"scguns:astella":1,"minecraft:brick_slab":3,"minecraft:oak_wood":271,"minecraft:polished_granite_slab":25,"minecraft:granite":10,"minecraft:spruce_log":101,"minecraft:polished_diorite":43,"minecraft:glass":8,"minecraft:wooden_axe":2,"minecraft:bricks":25,"chipped:quartz_block_bricks":33,"minecraft:quartz_pillar":4,"scguns:newborn_cyst":7,"minecraft:red_wool":135,"minecraft:grass_block":947,"scguns:lone_wonder":18,"minecraft:stone_bricks":1,"minecraft:cobblestone":649,"minecraft:potion":1,"toughasnails:purified_water_bottle":7,"minecraft:andesite_stairs":18,"minecraft:polished_diorite_stairs":2,"minecraft:egg":1,"minecraft:stripped_oak_log":28,"minecraft:cooked_beef":5,"minecraft:coarse_dirt":564},"minecraft:picked_up":{"minecraft:ladder":58,"terramity:fairy_dust":1,"doggytalents:rice_grains":1,"immersive_weathering:grassy_permafrost":3,"brewery:hops_seeds":9,"minecraft:wheat_seeds":3,"minecraft:sugar_cane":2,"minecraft:egg":3,"minecraft:stick":15,"iceandfire:dragonbone":12,"vinery:taiga_grape_seeds_white":4,"meds_and_herbs:bark_oak":6,"minecraft:spruce_sapling":25,"minecraft:pointed_dripstone":1,"iceandfire:dragon_skull_ice":1,"minecraft:oak_sapling":1,"minecraft:white_wool":1},"minecraft:dropped":{"minecraft:sugar_cane":2,"minecraft:wheat_seeds":3,"meds_and_herbs:bark_oak":6,"iceandfire:dragon_skull_ice":1,"immersive_weathering:grassy_permafrost":3,"minecraft:stick":14,"minecraft:oak_sapling":1,"minecraft:ladder":58,"brewery:hops_seeds":4,"doggytalents:rice_grains":1,"terramity:fairy_dust":1,"vinery:taiga_grape_seeds_white":4,"minecraft:spruce_sapling":19,"iceandfire:dragonbone":12,"minecraft:egg":3},"minecraft:killed":{"terramity:green_fairy":1,"mca:male_villager":3,"mca:female_villager":3}},"DataVersion":3465}