{"stats":{"minecraft:picked_up":{"minecraft:egg":1},"minecraft:killed":{"terramity:green_fairy":1},"minecraft:used":{"minecraft:cobblestone":97,"create:schematic_table":6,"toughasnails:purified_water_bottle":4,"scguns:lone_wonder":18,"minecraft:ladder":58,"minecraft:ender_pearl":53,"minecraft:oak_wood":30,"minecraft:egg":1,"minecraft:cooked_beef":5},"minecraft:dropped":{"minecraft:egg":1},"minecraft:custom":{"minecraft:time_since_rest":90435,"minecraft:crouch_one_cm":7097,"minecraft:sprint_one_cm":73987,"minecraft:play_time":90435,"minecraft:damage_taken":40,"minecraft:walk_one_cm":228964,"minecraft:sneak_time":1727,"minecraft:mob_kills":1,"minecraft:drop":1,"minecraft:jump":996,"minecraft:walk_on_water_one_cm":641,"minecraft:leave_game":1,"minecraft:time_since_death":90435,"minecraft:climb_one_cm":18189,"minecraft:total_world_time":90435,"minecraft:fall_one_cm":52779,"minecraft:fly_one_cm":256754}},"DataVersion":3465}