{"stats":{"minecraft:picked_up":{"minecraft:egg":1},"minecraft:used":{"minecraft:cobblestone":94,"create:schematic_table":3,"toughasnails:purified_water_bottle":3,"minecraft:ladder":58,"minecraft:ender_pearl":42,"minecraft:oak_wood":30,"minecraft:egg":1,"minecraft:cooked_beef":5},"minecraft:dropped":{"minecraft:egg":1},"minecraft:custom":{"minecraft:time_since_rest":66435,"minecraft:crouch_one_cm":1271,"minecraft:sprint_one_cm":38467,"minecraft:play_time":66435,"minecraft:damage_taken":40,"minecraft:walk_one_cm":210078,"minecraft:sneak_time":254,"minecraft:drop":1,"minecraft:jump":891,"minecraft:walk_on_water_one_cm":641,"minecraft:leave_game":1,"minecraft:time_since_death":66435,"minecraft:climb_one_cm":18189,"minecraft:total_world_time":66435,"minecraft:fall_one_cm":49104,"minecraft:fly_one_cm":216042}},"DataVersion":3465}