{"stats":{"minecraft:custom":{"minecraft:time_since_rest":431536,"minecraft:sprint_one_cm":1098838,"minecraft:damage_taken":280,"minecraft:walk_one_cm":797321,"minecraft:mob_kills":6,"minecraft:drop":22,"minecraft:damage_dealt":18,"minecraft:swim_one_cm":23,"minecraft:fly_one_cm":2482367,"minecraft:open_chest":4,"minecraft:crouch_one_cm":28344,"minecraft:play_time":431536,"minecraft:sneak_time":7322,"minecraft:walk_under_water_one_cm":707,"minecraft:jump":9294,"minecraft:leave_game":2,"minecraft:time_since_death":431536,"minecraft:walk_on_water_one_cm":2739,"minecraft:total_world_time":431536,"minecraft:climb_one_cm":24859,"minecraft:fall_one_cm":356092},"minecraft:used":{"minecraft:calcite":10,"minecraft:glass":8,"minecraft:diorite":52,"minecraft:mossy_stone_bricks":14,"minecraft:blue_terracotta":2,"minecraft:polished_granite_stairs":2,"chipped:quartz_block_bricks":33,"minecraft:bricks":25,"minecraft:quartz_pillar":4,"minecraft:red_wool":135,"scguns:newborn_cyst":7,"create:schematic_table":14,"minecraft:smooth_quartz_slab":11,"minecraft:grass_block":903,"scguns:lone_wonder":18,"minecraft:ladder":58,"minecraft:light_blue_terracotta":27,"minecraft:ender_pearl":449,"minecraft:cracked_stone_bricks":18,"minecraft:dirt":610,"minecraft:cobblestone":649,"toughasnails:purified_water_bottle":7,"minecraft:brick_slab":3,"minecraft:polished_diorite_stairs":2,"minecraft:oak_wood":271,"minecraft:egg":1,"minecraft:polished_granite_slab":25,"minecraft:cooked_beef":5,"minecraft:coarse_dirt":54,"minecraft:granite":10,"minecraft:spruce_log":101,"minecraft:polished_diorite":43},"minecraft:picked_up":{"minecraft:stick":15,"minecraft:ladder":58,"iceandfire:dragonbone":12,"vinery:taiga_grape_seeds_white":4,"meds_and_herbs:bark_oak":6,"terramity:fairy_dust":1,"immersive_weathering:grassy_permafrost":3,"minecraft:spruce_sapling":24,"minecraft:pointed_dripstone":1,"iceandfire:dragon_skull_ice":1,"brewery:hops_seeds":9,"minecraft:wheat_seeds":2,"minecraft:oak_sapling":1,"minecraft:egg":2},"minecraft:dropped":{"minecraft:wheat_seeds":2,"meds_and_herbs:bark_oak":6,"minecraft:oak_sapling":1,"minecraft:ladder":58,"brewery:hops_seeds":4,"iceandfire:dragon_skull_ice":1,"immersive_weathering:grassy_permafrost":3,"terramity:fairy_dust":1,"vinery:taiga_grape_seeds_white":4,"minecraft:spruce_sapling":19,"minecraft:stick":14,"iceandfire:dragonbone":12,"minecraft:egg":2},"minecraft:killed":{"mca:male_villager":2,"mca:female_villager":3,"terramity:green_fairy":1}},"DataVersion":3465}