{"stats":{"minecraft:custom":{"minecraft:jump":845,"minecraft:time_since_rest":48705,"minecraft:leave_game":1,"minecraft:crouch_one_cm":106,"minecraft:sprint_one_cm":36627,"minecraft:play_time":48705,"minecraft:walk_on_water_one_cm":641,"minecraft:time_since_death":48705,"minecraft:walk_one_cm":142485,"minecraft:sneak_time":14,"minecraft:climb_one_cm":18189,"minecraft:total_world_time":48705,"minecraft:drop":1,"minecraft:fall_one_cm":40118,"minecraft:fly_one_cm":215518},"minecraft:picked_up":{"minecraft:egg":1},"minecraft:used":{"minecraft:ladder":58,"minecraft:ender_pearl":17,"minecraft:oak_wood":30,"minecraft:egg":1,"minecraft:cobblestone":94,"create:schematic_table":3},"minecraft:dropped":{"minecraft:egg":1}},"DataVersion":3465}