{"stats":{"minecraft:custom":{"minecraft:jump":712,"minecraft:time_since_rest":36609,"minecraft:crouch_one_cm":106,"minecraft:sprint_one_cm":36627,"minecraft:play_time":36609,"minecraft:walk_on_water_one_cm":641,"minecraft:time_since_death":36609,"minecraft:walk_one_cm":87368,"minecraft:sneak_time":14,"minecraft:climb_one_cm":11753,"minecraft:total_world_time":36609,"minecraft:fall_one_cm":31004,"minecraft:fly_one_cm":215170},"minecraft:used":{"minecraft:ladder":29,"minecraft:oak_wood":30,"minecraft:cobblestone":61,"create:schematic_table":2}},"DataVersion":3465}