{"stats":{"minecraft:custom":{"minecraft:time_since_rest":257536,"minecraft:sprint_one_cm":366972,"minecraft:damage_taken":280,"minecraft:walk_one_cm":434125,"minecraft:mob_kills":1,"minecraft:drop":3,"minecraft:fly_one_cm":1050557,"minecraft:open_chest":3,"minecraft:crouch_one_cm":24462,"minecraft:play_time":257536,"minecraft:sneak_time":6038,"minecraft:jump":4093,"minecraft:leave_game":2,"minecraft:time_since_death":257536,"minecraft:walk_on_water_one_cm":1865,"minecraft:total_world_time":257536,"minecraft:climb_one_cm":18217,"minecraft:fall_one_cm":175687},"minecraft:used":{"minecraft:calcite":10,"minecraft:glass":8,"minecraft:diorite":23,"minecraft:mossy_stone_bricks":6,"minecraft:blue_terracotta":2,"chipped:quartz_block_bricks":22,"minecraft:bricks":25,"create:schematic_table":14,"minecraft:smooth_quartz_slab":3,"minecraft:grass_block":156,"scguns:lone_wonder":18,"minecraft:ladder":58,"minecraft:light_blue_terracotta":27,"minecraft:ender_pearl":199,"minecraft:cracked_stone_bricks":8,"minecraft:cobblestone":649,"toughasnails:purified_water_bottle":7,"minecraft:brick_slab":2,"minecraft:oak_wood":30,"minecraft:egg":1,"minecraft:cooked_beef":5,"minecraft:coarse_dirt":7,"minecraft:polished_diorite":26},"minecraft:picked_up":{"iceandfire:dragonbone":12,"vinery:taiga_grape_seeds_white":4,"minecraft:spruce_sapling":4,"minecraft:pointed_dripstone":1,"brewery:hops_seeds":5,"minecraft:egg":1},"minecraft:dropped":{"vinery:taiga_grape_seeds_white":4,"iceandfire:dragonbone":12,"minecraft:egg":1},"minecraft:killed":{"terramity:green_fairy":1}},"DataVersion":3465}