{"stats":{"minecraft:dropped":{"minecraft:sugar_cane":2,"minecraft:wheat_seeds":3,"meds_and_herbs:bark_oak":6,"iceandfire:dragon_skull_ice":1,"immersive_weathering:grassy_permafrost":3,"minecraft:stick":14,"minecraft:oak_sapling":1,"minecraft:ladder":58,"brewery:hops_seeds":4,"doggytalents:rice_grains":1,"terramity:fairy_dust":1,"vinery:taiga_grape_seeds_white":4,"minecraft:spruce_sapling":19,"iceandfire:dragonbone":12,"minecraft:egg":3},"minecraft:killed":{"terramity:green_fairy":1,"mca:male_villager":3,"mca:female_villager":3},"minecraft:custom":{"minecraft:mob_kills":7,"minecraft:bell_ring":1,"minecraft:pot_flower":1,"minecraft:leave_game":4,"minecraft:time_since_death":612290,"minecraft:climb_one_cm":24859,"minecraft:time_since_rest":612290,"minecraft:walk_one_cm":981274,"minecraft:sprint_one_cm":1349462,"minecraft:damage_taken":280,"minecraft:drop":26,"minecraft:damage_dealt":118,"minecraft:swim_one_cm":44811,"minecraft:fly_one_cm":2851862,"minecraft:open_chest":6,"minecraft:crouch_one_cm":32348,"minecraft:play_time":612290,"minecraft:sneak_time":8535,"minecraft:walk_under_water_one_cm":43049,"minecraft:jump":10561,"minecraft:walk_on_water_one_cm":87162,"minecraft:total_world_time":612290,"minecraft:fall_one_cm":388649},"minecraft:picked_up":{"minecraft:ladder":58,"terramity:fairy_dust":1,"doggytalents:rice_grains":1,"immersive_weathering:grassy_permafrost":3,"brewery:hops_seeds":9,"minecraft:wheat_seeds":3,"minecraft:sugar_cane":2,"minecraft:egg":3,"minecraft:stick":15,"iceandfire:dragonbone":12,"vinery:taiga_grape_seeds_white":4,"meds_and_herbs:bark_oak":6,"minecraft:spruce_sapling":25,"minecraft:pointed_dripstone":1,"iceandfire:dragon_skull_ice":1,"minecraft:oak_sapling":1,"minecraft:white_wool":1},"minecraft:used":{"minecraft:calcite":10,"handcrafted:warped_fancy_bed":3,"minecraft:mossy_stone_bricks":14,"minecraft:blue_terracotta":2,"minecraft:diorite":113,"minecraft:polished_granite_stairs":2,"chipped:tinkering_table":1,"create:schematic_table":14,"minecraft:smooth_quartz_slab":11,"minecraft:redstone":2,"weather2:weather_deflector":44,"minecraft:ladder":58,"minecraft:oak_sign":7,"minecraft:light_blue_terracotta":27,"minecraft:ender_pearl":700,"farmersdelight:stove":1,"supplementaries:domum_ornamentum/sign_post_cactus_extra":1,"minecraft:cracked_stone_bricks":18,"minecraft:orange_bed":2,"handcrafted:oak_table":2,"minecraft:dirt":722,"handcrafted:oak_side_table":2,"scguns:astella":1,"handcrafted:sandstone_corner_trim":6,"chipped:alchemy_bench":1,"chipped:mason_table":1,"minecraft:brick_slab":3,"chipped:tall_lantern":11,"minecraft:oak_wood":271,"minecraft:painting":1,"minecraft:polished_granite_slab":25,"minecraft:granite":10,"minecraft:spruce_log":101,"minecraft:polished_diorite":43,"chipped:botanical_oak_cubed_bookshelf":12,"minecraft:glass":8,"minecraft:wooden_axe":2,"refurbished_furniture:dark_electricity_generator":1,"handcrafted:blue_crockery_combo":1,"minecraft:flower_pot":2,"chipped:botanist_workbench":2,"chipped:quartz_block_bricks":33,"minecraft:bricks":25,"refurbished_furniture:light_blue_lamp":1,"minecraft:quartz_pillar":4,"minecraft:red_wool":135,"scguns:newborn_cyst":7,"chipped:glassblower":1,"minecraft:grass_block":947,"handcrafted:dark_oak_fancy_bed":1,"scguns:lone_wonder":18,"refurbished_furniture:light_electricity_generator":1,"handcrafted:oak_desk":1,"minecraft:stone_bricks":1,"minecraft:item_frame":1,"refurbished_furniture:oak_crate":4,"chipped:checkered_iron_lantern":6,"minecraft:cobblestone":649,"minecraft:potion":1,"handcrafted:oak_dining_bench":1,"refurbished_furniture:oak_kitchen_sink":1,"toughasnails:purified_water_bottle":7,"handcrafted:oak_fancy_bed":1,"beautify:acacia_picture_frame":4,"farmersdelight:cooking_pot":1,"minecraft:andesite_stairs":18,"minecraft:polished_diorite_stairs":2,"chipped:tile_windowed_oak_door":2,"minecraft:egg":1,"minecraft:stripped_oak_log":28,"minecraft:cooked_beef":5,"chipped:carpenters_table":3,"minecraft:coarse_dirt":564,"minecraft:oak_hanging_sign":12,"refurbished_furniture:oak_table":2}},"DataVersion":3465}