{"stats":{"minecraft:picked_up":{"minecraft:egg":1},"minecraft:used":{"minecraft:oak_wood":30,"minecraft:ladder":58,"minecraft:ender_pearl":36,"minecraft:egg":1,"minecraft:cobblestone":94,"create:schematic_table":3},"minecraft:dropped":{"minecraft:egg":1},"minecraft:custom":{"minecraft:jump":858,"minecraft:time_since_rest":54435,"minecraft:crouch_one_cm":106,"minecraft:leave_game":1,"minecraft:play_time":54435,"minecraft:sprint_one_cm":36627,"minecraft:time_since_death":54435,"minecraft:walk_on_water_one_cm":641,"minecraft:walk_one_cm":165632,"minecraft:sneak_time":14,"minecraft:total_world_time":54435,"minecraft:climb_one_cm":18189,"minecraft:fall_one_cm":43883,"minecraft:drop":1,"minecraft:fly_one_cm":215601}},"DataVersion":3465}