{"stats":{"minecraft:picked_up":{"minecraft:egg":1},"minecraft:killed":{"terramity:green_fairy":1},"minecraft:used":{"minecraft:cobblestone":97,"create:schematic_table":4,"toughasnails:purified_water_bottle":3,"scguns:lone_wonder":18,"minecraft:ladder":58,"minecraft:ender_pearl":53,"minecraft:oak_wood":30,"minecraft:egg":1,"minecraft:cooked_beef":5},"minecraft:dropped":{"minecraft:egg":1},"minecraft:custom":{"minecraft:time_since_rest":78435,"minecraft:crouch_one_cm":4534,"minecraft:sprint_one_cm":69166,"minecraft:play_time":78435,"minecraft:damage_taken":40,"minecraft:walk_one_cm":217800,"minecraft:sneak_time":1097,"minecraft:mob_kills":1,"minecraft:drop":1,"minecraft:jump":968,"minecraft:walk_on_water_one_cm":641,"minecraft:leave_game":1,"minecraft:time_since_death":78435,"minecraft:climb_one_cm":18189,"minecraft:total_world_time":78435,"minecraft:fall_one_cm":52779,"minecraft:fly_one_cm":245908}},"DataVersion":3465}