{"stats":{"minecraft:custom":{"minecraft:time_since_rest":467536,"minecraft:sprint_one_cm":1205585,"minecraft:damage_taken":280,"minecraft:walk_one_cm":862434,"minecraft:mob_kills":6,"minecraft:drop":25,"minecraft:damage_dealt":118,"minecraft:swim_one_cm":19434,"minecraft:fly_one_cm":2697545,"minecraft:open_chest":4,"minecraft:crouch_one_cm":28411,"minecraft:play_time":467536,"minecraft:sneak_time":7368,"minecraft:walk_under_water_one_cm":19838,"minecraft:jump":9981,"minecraft:leave_game":2,"minecraft:time_since_death":467536,"minecraft:walk_on_water_one_cm":62887,"minecraft:total_world_time":467536,"minecraft:climb_one_cm":24859,"minecraft:fall_one_cm":370543},"minecraft:used":{"minecraft:calcite":10,"minecraft:wooden_axe":2,"minecraft:glass":8,"minecraft:diorite":97,"minecraft:mossy_stone_bricks":14,"minecraft:blue_terracotta":2,"minecraft:polished_granite_stairs":2,"chipped:quartz_block_bricks":33,"minecraft:bricks":25,"minecraft:quartz_pillar":4,"minecraft:red_wool":135,"scguns:newborn_cyst":7,"create:schematic_table":14,"minecraft:smooth_quartz_slab":11,"minecraft:grass_block":947,"scguns:lone_wonder":18,"minecraft:ladder":58,"minecraft:light_blue_terracotta":27,"minecraft:ender_pearl":610,"minecraft:stone_bricks":1,"minecraft:cracked_stone_bricks":18,"minecraft:dirt":611,"minecraft:cobblestone":649,"toughasnails:purified_water_bottle":7,"minecraft:brick_slab":3,"minecraft:andesite_stairs":18,"minecraft:polished_diorite_stairs":2,"minecraft:oak_wood":271,"minecraft:egg":1,"minecraft:polished_granite_slab":25,"minecraft:cooked_beef":5,"minecraft:coarse_dirt":279,"minecraft:granite":10,"minecraft:spruce_log":101,"minecraft:polished_diorite":43},"minecraft:picked_up":{"minecraft:stick":15,"minecraft:ladder":58,"iceandfire:dragonbone":12,"vinery:taiga_grape_seeds_white":4,"meds_and_herbs:bark_oak":6,"terramity:fairy_dust":1,"doggytalents:rice_grains":1,"immersive_weathering:grassy_permafrost":3,"minecraft:spruce_sapling":25,"minecraft:pointed_dripstone":1,"iceandfire:dragon_skull_ice":1,"brewery:hops_seeds":9,"minecraft:wheat_seeds":3,"minecraft:sugar_cane":2,"minecraft:oak_sapling":1,"minecraft:egg":2},"minecraft:dropped":{"minecraft:sugar_cane":2,"minecraft:wheat_seeds":3,"meds_and_herbs:bark_oak":6,"minecraft:oak_sapling":1,"minecraft:ladder":58,"doggytalents:rice_grains":1,"brewery:hops_seeds":4,"iceandfire:dragon_skull_ice":1,"immersive_weathering:grassy_permafrost":3,"terramity:fairy_dust":1,"vinery:taiga_grape_seeds_white":4,"minecraft:spruce_sapling":19,"minecraft:stick":14,"iceandfire:dragonbone":12,"minecraft:egg":2},"minecraft:killed":{"mca:male_villager":2,"mca:female_villager":3,"terramity:green_fairy":1}},"DataVersion":3465}