{"stats":{"minecraft:dropped":{"immersive_weathering:charred_log":1,"vinery:taiga_grape_seeds_white":4,"minecraft:sugar_cane":2,"minecraft:wheat":2,"minecraft:rotten_flesh":1,"immersive_weathering:grassy_permafrost":3,"supplementaries:ash":2,"minecraft:ladder":58,"doggytalents:rice_grains":1,"minecraft:egg":3,"minecraft:wheat_seeds":18,"minecraft:lead":2,"minecraft:apple":1,"minecraft:stick":18,"rats:raw_rat":2,"terramity:fairy_dust":1,"minecraft:spruce_sapling":19,"iceandfire:dragonbone":12,"minecraft:sweet_berries":2,"meds_and_herbs:bark_oak":6,"iceandfire:dragon_skull_ice":1,"minecraft:oak_sapling":7,"brewery:hops_seeds":4},"minecraft:custom":{"minecraft:interact_with_crafting_table":1,"minecraft:bell_ring":1,"minecraft:leave_game":7,"minecraft:time_since_death":82843,"minecraft:sprint_one_cm":3130036,"minecraft:drop":44,"minecraft:play_time":1100247,"minecraft:deaths":1,"minecraft:jump":13486,"minecraft:walk_on_water_one_cm":99333,"minecraft:interact_with_furnace":4,"minecraft:damage_dealt":221,"minecraft:crouch_one_cm":40701,"minecraft:interact_with_smoker":6,"minecraft:mob_kills":21,"minecraft:climb_one_cm":52793,"minecraft:walk_one_cm":1999476,"minecraft:sneak_time":11747,"minecraft:walk_under_water_one_cm":47794,"minecraft:total_world_time":1100247,"minecraft:pot_flower":7,"minecraft:time_since_rest":82868,"minecraft:damage_taken":280,"minecraft:swim_one_cm":47440,"minecraft:fly_one_cm":3510104,"minecraft:open_chest":6,"minecraft:fall_one_cm":472744},"minecraft:killed":{"rats:rat":3,"mca:male_villager":6,"mca:female_zombie_villager":1,"minecraft:horse":1,"alexsmobs:blue_jay":1,"rats:plague_doctor":1,"terramity:green_fairy":1,"mca:female_villager":7},"minecraft:used":{"galosphere:combustion_table":1,"refurbished_furniture:jungle_chair":4,"minecraft:peony":1,"handcrafted:evoker_trophy":1,"refurbished_furniture:light_gray_lamp":2,"handcrafted:warped_nightstand":2,"chipped:historical_oak_bookshelf":3,"minecraft:blue_terracotta":2,"minecraft:writable_book":1,"minecraft:polished_granite_stairs":2,"supplementaries:hourglass":2,"refurbished_furniture:cyan_lamp":1,"handcrafted:birch_table":10,"minecraft:smooth_quartz_slab":11,"chipped:red_paper_lantern":2,"beautify:jungle_picture_frame":1,"minecraft:ladder":113,"minecraft:oak_sign":28,"minecraft:decorated_pot":1,"farmersdelight:stove":22,"minecraft:stone":1,"minecraft:creeper_head":1,"chipped:beach_birch_door":4,"handcrafted:stackable_book":43,"minecraft:soul_campfire":1,"chipped:tile_windowed_jungle_door":1,"supplementaries:globe":2,"handcrafted:oak_table":2,"chipped:sliding_mangrove_door":2,"handcrafted:oak_side_table":2,"iammusicplayer:boombox":4,"handcrafted:white_glazed_thick_pot":1,"chipped:alchemy_bench":7,"minecraft:brick_slab":11,"supplementaries:planter":2,"butcher:bonebarrel":17,"handcrafted:wither_skeleton_trophy":2,"chipped:ancient_oak_large_bookshelf":3,"minecraft:glass":8,"heraldic_legion_luna:escutcheon_hang_red_faction":1,"chipped:botanical_oak_cubed_bookshelf":12,"handcrafted:bear_trophy":1,"refurbished_furniture:warped_drawer":2,"handcrafted:spruce_fancy_bed":1,"refurbished_furniture:dark_oak_crate":14,"minecraft:bricks":48,"chipped:tile_windowed_dark_oak_door":1,"minecraft:quartz_pillar":4,"minecraft:red_wool":135,"minecraft:lantern":264,"minecraft:grass_block":947,"farmersdelight:rice_roll_medley_block":1,"refurbished_furniture:brown_sofa":3,"refurbished_furniture:light_microwave":1,"chipped:big_lantern":2,"refurbished_furniture:white_lamp":2,"handcrafted:warped_side_table":1,"chipped:wooden_cage_lantern":3,"handcrafted:dark_oak_desk":3,"refurbished_furniture:spruce_chair":4,"supplementaries:goblet":1,"minecraft:stone_bricks":1,"refurbished_furniture:crimson_storage_jar":2,"minecraft:item_frame":11,"brewery:beer_haley":4,"handcrafted:jungle_drawer":1,"refurbished_furniture:oak_crate":10,"refurbished_furniture:birch_drawer":4,"farmersdelight:cutting_board":8,"minecraft:furnace":3,"chipped:boarded_dark_oak_door":1,"minecraft:polished_diorite_stairs":2,"handcrafted:acacia_fancy_bed":3,"farmersdelight:shepherds_pie_block":2,"minecraft:egg":1,"refurbished_furniture:crimson_kitchen_cabinetry":2,"handcrafted:dark_oak_table":6,"handcrafted:jungle_fancy_bed":4,"handcrafted:acacia_side_table":1,"handcrafted:dark_oak_nightstand":1,"refurbished_furniture:oak_table":9,"beautify:oak_picture_frame":1,"chipped:loom_table":2,"handcrafted:mangrove_fancy_bed":6,"minecraft:mossy_stone_bricks":14,"minecraft:diorite":245,"supplementaries:candle_holder_light_gray":1,"refurbished_furniture:warped_kitchen_cabinetry":5,"handcrafted:yellow_crockery_combo":1,"ad_astra:glacian_door":1,"refurbished_furniture:jungle_desk":10,"refurbished_furniture:mangrove_desk":2,"minecraft:oak_planks":1,"chipped:screen_dark_oak_door":4,"minecraft:ender_pearl":779,"refurbished_furniture:light_stove":1,"beautify:botanist_workbench":1,"handcrafted:birch_fancy_bed":5,"beautify:hanging_pot":4,"beautify:lamp_bamboo":1,"chipped:glass_spruce_door":1,"supplementaries:hat_stand":3,"handcrafted:mangrove_desk":2,"blue_skies:comet_door":2,"handcrafted:sandstone_corner_trim":6,"refurbished_furniture:spruce_kitchen_cabinetry":3,"supplementaries:candle_holder":14,"chipped:tall_lantern":17,"refurbished_furniture:spruce_desk":1,"chipped:shack_cherry_door":1,"chipped:full_bookshelf":15,"supplementaries:candle_holder_yellow":10,"chipped:paper_jungle_door":4,"refurbished_furniture:computer":2,"refurbished_furniture:mangrove_drawer":6,"supplementaries:flower_box":6,"chipped:quartz_block_bricks":33,"handcrafted:jungle_desk":4,"refurbished_furniture:birch_table":6,"refurbished_furniture:mangrove_table":8,"refurbished_furniture:crimson_chair":7,"minecraft:polished_granite":1,"chipped:gated_mangrove_door":1,"refurbished_furniture:spruce_table":3,"beautify:quartz_picture_frame":2,"handcrafted:mangrove_table":4,"minecraft:soul_lantern":2,"chipped:shack_bamboo_door":2,"heraldic_legion_luna:flag_enclave_3to_4":1,"refurbished_furniture:cherry_crate":3,"chipped:cubed_oak_bookshelf":6,"chipped:fortified_oak_door":3,"handcrafted:white_glazed_thin_pot":1,"refurbished_furniture:oak_kitchen_sink":1,"handcrafted:oak_fancy_bed":1,"handcrafted:crimson_desk":1,"minecraft:smithing_table":1,"minecraft:chain":1,"handcrafted:warped_dining_bench":1,"chipped:carpenters_table":22,"minecraft:coarse_dirt":565,"minecraft:oak_hanging_sign":16,"handcrafted:creeper_trophy":2,"handcrafted:witch_trophy":1,"minecraft:oak_fence":4,"handcrafted:kitchen_hood":5,"minecraft:enchanting_table":2,"chipped:tinkering_table":4,"minecraft:flint_and_steel":21,"create:schematic_table":14,"minecraft:armor_stand":1,"minecraft:redstone":3,"refurbished_furniture:spruce_kitchen_drawer":3,"minecraft:light_blue_terracotta":27,"supplementaries:candle_holder_black":15,"chipped:iron_bowl_lantern":1,"refurbished_furniture:light_fridge":1,"supplementaries:domum_ornamentum/sign_post_cactus_extra":1,"refurbished_furniture:oak_storage_jar":2,"refurbished_furniture:cherry_chair":4,"handcrafted:mangrove_nightstand":1,"supplementaries:sconce":524,"refurbished_furniture:dark_microwave":3,"minecraft:orange_bed":2,"handcrafted:bamboo_side_table":1,"handcrafted:fox_trophy":1,"handcrafted:crimson_couch":3,"minecraft:dirt":1041,"handcrafted:bamboo_table":7,"refurbished_furniture:green_sofa":6,"refurbished_furniture:television":2,"handcrafted:spruce_side_table":1,"handcrafted:cherry_side_table":1,"minecraft:oak_wood":271,"minecraft:polished_granite_slab":25,"handcrafted:dark_oak_drawer":1,"minecraft:granite":13,"supplementaries:item_shelf":3,"minecraft:polished_diorite":47,"farmersdelight:stuffed_pumpkin_block":1,"handcrafted:spruce_table":10,"supplementaries:jar":1,"handcrafted:terracotta_crockery_combo":1,"supplementaries:pedestal":2,"minecraft:wooden_axe":2,"brewery:table":3,"farmersdelight:oak_cabinet":1,"butcher:pestleandmortarblock":3,"refurbished_furniture:dark_oak_desk":4,"handcrafted:cherry_nightstand":1,"minecraft:bookshelf":7,"supplementaries:globe_sepia":3,"handcrafted:dark_oak_couch":7,"scguns:newborn_cyst":7,"chipped:glassblower":6,"chipped:barred_jungle_door":2,"handcrafted:jungle_nightstand":6,"scguns:lone_wonder":18,"refurbished_furniture:birch_chair":16,"minecraft:brick_stairs":3,"chipped:donut_lantern":3,"dungeons_plus:soul_cannon":1,"refurbished_furniture:light_toaster":1,"handcrafted:kitchen_hood_pipe":18,"butcher:salmonbarrel":11,"chipped:paper_crimson_door":2,"handcrafted:dark_oak_cupboard":4,"refurbished_furniture:mangrove_kitchen_cabinetry":3,"refurbished_furniture:oak_desk":18,"refurbished_furniture:acacia_kitchen_drawer":2,"minecraft:bamboo":1,"handcrafted:oak_dining_bench":1,"handcrafted:birch_nightstand":2,"beautify:warped_picture_frame":2,"handcrafted:berry_jam_jar":4,"farmersdelight:cooking_pot":14,"refurbished_furniture:acacia_desk":4,"chipped:tile_windowed_oak_door":2,"supplementaries:statue":2,"minecraft:cooked_beef":5,"irons_spellbooks:pedestal":2,"farmersdelight:roast_chicken_block":1,"minecraft:calcite":11,"handcrafted:warped_fancy_bed":6,"handcrafted:dark_oak_side_table":1,"farmersdelight:skillet":4,"farmersdelight:honey_glazed_ham_block":1,"chipped:orange_paper_soul_lantern":1,"refurbished_furniture:red_stool":1,"refurbished_furniture:acacia_kitchen_cabinetry":2,"weather2:weather_deflector":44,"minecraft:cartography_table":3,"handcrafted:cherry_fancy_bed":2,"chipped:shack_oak_door":2,"minecraft:conduit":1,"minecraft:cracked_stone_bricks":18,"handcrafted:spruce_desk":2,"chipped:sliding_bamboo_door":1,"refurbished_furniture:warped_crate":3,"minecraft:diamond_block":8,"scguns:astella":17,"refurbished_furniture:oak_kitchen_drawer":6,"chipped:curvy_bookshelf":14,"minecraft:crafting_table":1,"chipped:mason_table":3,"chipped:tiled_dark_oak_door":2,"handcrafted:bamboo_bench":6,"refurbished_furniture:oak_cutting_board":3,"chipped:white_paper_lantern":2,"chipped:wrought_iron_lantern":5,"minecraft:campfire":1,"the_bumblezone:super_candle":1,"refurbished_furniture:red_sofa":4,"handcrafted:bamboo_fancy_bed":2,"minecraft:painting":42,"minecraft:smoker":2,"minecraft:cake":1,"minecraft:spruce_log":101,"refurbished_furniture:warped_kitchen_drawer":1,"refurbished_furniture:acacia_table":2,"refurbished_furniture:cherry_kitchen_cabinetry":4,"handcrafted:warped_table":1,"handcrafted:terracotta_bowl":1,"refurbished_furniture:dark_electricity_generator":1,"handcrafted:crimson_nightstand":1,"handcrafted:blue_crockery_combo":3,"refurbished_furniture:spruce_crate":90,"minecraft:flower_pot":8,"chipped:botanist_workbench":5,"supplementaries:cage":1,"refurbished_furniture:light_blue_lamp":1,"refurbished_furniture:gray_stool":1,"chipped:boarded_birch_door":1,"handcrafted:dark_oak_fancy_bed":2,"supplementaries:candle_holder_light_blue":4,"chipped:windowed_acacia_door":1,"chipped:windowed_warped_door":1,"handcrafted:birch_desk":2,"chipped:sliding_jungle_door":1,"beautify:bookstack":12,"handcrafted:oven":9,"chipped:paper_mangrove_door":1,"refurbished_furniture:light_electricity_generator":3,"chipped:wide_lantern":2,"handcrafted:oak_desk":4,"refurbished_furniture:white_kitchen_sink":1,"blue_skies:maple_bookshelf":15,"handcrafted:bamboo_dining_bench":4,"handcrafted:acacia_desk":2,"refurbished_furniture:dark_oak_kitchen_cabinetry":1,"handcrafted:jungle_couch":3,"handcrafted:jungle_table":2,"chipped:yellow_tube_lantern":9,"refurbished_furniture:birch_crate":3,"chipped:checkered_iron_lantern":21,"refurbished_furniture:oak_kitchen_cabinetry":6,"minecraft:cobblestone":649,"minecraft:potion":1,"toughasnails:purified_water_bottle":7,"butcher:codbarrel":12,"beautify:acacia_picture_frame":6,"chipped:overgrown_dark_oak_door":1,"minecraft:andesite_stairs":18,"beautify:rope":18,"refurbished_furniture:oak_drawer":3,"minecraft:glass_pane":6,"minecraft:black_candle":5,"minecraft:stripped_oak_log":28,"toughasnails:apple_juice":2,"minecraft:dandelion":1,"refurbished_furniture:birch_desk":5,"minecraft:jukebox":2,"refurbished_furniture:oak_chair":7},"minecraft:picked_up":{"minecraft:wheat":3,"minecraft:lead":2,"terramity:fairy_dust":1,"minecraft:oak_sign":1,"minecraft:stick":19,"minecraft:pointed_dripstone":1,"minecraft:rotten_flesh":2,"supplementaries:ash":2,"iammusicplayer:boombox":2,"immersive_weathering:grassy_permafrost":3,"rats:raw_rat":3,"brewery:hops_seeds":9,"minecraft:wheat_seeds":18,"beautify:hanging_pot":1,"vinery:taiga_grape_seeds_white":4,"minecraft:oak_pressure_plate":7,"minecraft:oak_sapling":8,"minecraft:ladder":58,"minecraft:sugar_cane":2,"minecraft:egg":3,"iceandfire:dragonbone":12,"meds_and_herbs:bark_oak":6,"minecraft:netherite_pickaxe":1,"iceandfire:dragon_skull_ice":1,"minecraft:white_wool":1,"immersive_weathering:charred_log":2,"doggytalents:rice_grains":1,"rats:plague_leech":1,"minecraft:apple":1,"minecraft:sweet_berries":4,"minecraft:spruce_sapling":25}},"DataVersion":3465}