{"stats":{"minecraft:picked_up":{"brewery:hops_seeds":5,"iceandfire:dragonbone":12,"vinery:taiga_grape_seeds_white":4,"minecraft:spruce_sapling":4,"minecraft:pointed_dripstone":1,"minecraft:egg":1},"minecraft:killed":{"terramity:green_fairy":1},"minecraft:used":{"minecraft:cobblestone":649,"create:schematic_table":14,"toughasnails:purified_water_bottle":7,"scguns:lone_wonder":18,"minecraft:ladder":58,"minecraft:ender_pearl":192,"minecraft:oak_wood":30,"minecraft:egg":1,"minecraft:cooked_beef":5},"minecraft:dropped":{"vinery:taiga_grape_seeds_white":4,"iceandfire:dragonbone":12,"minecraft:egg":1},"minecraft:custom":{"minecraft:open_chest":3,"minecraft:time_since_rest":231250,"minecraft:crouch_one_cm":22080,"minecraft:sprint_one_cm":326834,"minecraft:play_time":231250,"minecraft:damage_taken":280,"minecraft:walk_one_cm":385601,"minecraft:sneak_time":5301,"minecraft:mob_kills":1,"minecraft:drop":3,"minecraft:jump":3725,"minecraft:walk_on_water_one_cm":1865,"minecraft:leave_game":2,"minecraft:time_since_death":231250,"minecraft:climb_one_cm":18189,"minecraft:total_world_time":231250,"minecraft:fall_one_cm":160598,"minecraft:fly_one_cm":1012483}},"DataVersion":3465}