{"stats":{"minecraft:picked_up":{"brewery:hops_seeds":4,"iceandfire:dragonbone":12,"vinery:taiga_grape_seeds_white":4,"minecraft:spruce_sapling":4,"minecraft:pointed_dripstone":1,"minecraft:egg":1},"minecraft:killed":{"terramity:green_fairy":1},"minecraft:used":{"minecraft:cobblestone":557,"create:schematic_table":10,"toughasnails:purified_water_bottle":7,"scguns:lone_wonder":18,"minecraft:ladder":58,"minecraft:ender_pearl":144,"minecraft:oak_wood":30,"minecraft:egg":1,"minecraft:cooked_beef":5},"minecraft:dropped":{"vinery:taiga_grape_seeds_white":4,"iceandfire:dragonbone":12,"minecraft:egg":1},"minecraft:custom":{"minecraft:open_chest":3,"minecraft:time_since_rest":186435,"minecraft:crouch_one_cm":14896,"minecraft:sprint_one_cm":266196,"minecraft:play_time":186435,"minecraft:damage_taken":40,"minecraft:walk_one_cm":334248,"minecraft:sneak_time":3397,"minecraft:mob_kills":1,"minecraft:drop":3,"minecraft:jump":3132,"minecraft:walk_on_water_one_cm":1865,"minecraft:leave_game":1,"minecraft:time_since_death":186435,"minecraft:climb_one_cm":18189,"minecraft:total_world_time":186435,"minecraft:fall_one_cm":122241,"minecraft:fly_one_cm":853555}},"DataVersion":3465}