{"stats":{"minecraft:dropped":{"minecraft:sugar_cane":2,"minecraft:wheat_seeds":3,"meds_and_herbs:bark_oak":6,"iceandfire:dragon_skull_ice":1,"immersive_weathering:grassy_permafrost":3,"minecraft:stick":14,"minecraft:oak_sapling":1,"minecraft:ladder":58,"brewery:hops_seeds":4,"doggytalents:rice_grains":1,"terramity:fairy_dust":1,"vinery:taiga_grape_seeds_white":4,"minecraft:spruce_sapling":19,"iceandfire:dragonbone":12,"minecraft:egg":3},"minecraft:killed":{"rats:rat":1,"terramity:green_fairy":1,"mca:male_villager":3,"mca:female_villager":3},"minecraft:custom":{"minecraft:interact_with_furnace":1,"minecraft:mob_kills":8,"minecraft:bell_ring":1,"minecraft:pot_flower":1,"minecraft:leave_game":4,"minecraft:time_since_death":684290,"minecraft:climb_one_cm":24859,"minecraft:time_since_rest":684290,"minecraft:walk_one_cm":1083979,"minecraft:sprint_one_cm":1591066,"minecraft:damage_taken":280,"minecraft:drop":26,"minecraft:damage_dealt":123,"minecraft:swim_one_cm":44811,"minecraft:fly_one_cm":2895776,"minecraft:open_chest":6,"minecraft:crouch_one_cm":32985,"minecraft:play_time":684290,"minecraft:sneak_time":9104,"minecraft:walk_under_water_one_cm":43049,"minecraft:jump":10695,"minecraft:walk_on_water_one_cm":87162,"minecraft:interact_with_smoker":2,"minecraft:total_world_time":684290,"minecraft:fall_one_cm":394164},"minecraft:picked_up":{"minecraft:ladder":58,"terramity:fairy_dust":1,"doggytalents:rice_grains":1,"immersive_weathering:grassy_permafrost":3,"rats:raw_rat":1,"brewery:hops_seeds":9,"minecraft:wheat_seeds":3,"minecraft:sugar_cane":2,"minecraft:egg":3,"minecraft:stick":15,"iceandfire:dragonbone":12,"vinery:taiga_grape_seeds_white":4,"meds_and_herbs:bark_oak":6,"minecraft:oak_pressure_plate":1,"minecraft:spruce_sapling":25,"minecraft:pointed_dripstone":1,"iceandfire:dragon_skull_ice":1,"minecraft:oak_sapling":1,"minecraft:white_wool":1},"minecraft:used":{"chipped:loom_table":1,"minecraft:calcite":10,"handcrafted:mangrove_fancy_bed":2,"handcrafted:warped_fancy_bed":4,"handcrafted:kitchen_hood":1,"minecraft:mossy_stone_bricks":14,"handcrafted:dark_oak_side_table":1,"minecraft:blue_terracotta":2,"minecraft:diorite":118,"minecraft:writable_book":1,"supplementaries:candle_holder_light_gray":1,"minecraft:polished_granite_stairs":2,"chipped:tinkering_table":3,"handcrafted:birch_table":7,"farmersdelight:skillet":2,"create:schematic_table":14,"minecraft:smooth_quartz_slab":11,"minecraft:redstone":3,"refurbished_furniture:acacia_kitchen_cabinetry":2,"weather2:weather_deflector":44,"minecraft:ladder":58,"minecraft:oak_sign":14,"minecraft:light_blue_terracotta":27,"chipped:screen_dark_oak_door":4,"minecraft:ender_pearl":700,"farmersdelight:stove":4,"chipped:iron_bowl_lantern":1,"minecraft:stone":1,"supplementaries:domum_ornamentum/sign_post_cactus_extra":1,"handcrafted:birch_fancy_bed":3,"supplementaries:sconce":2,"handcrafted:stackable_book":2,"minecraft:cracked_stone_bricks":18,"minecraft:orange_bed":2,"handcrafted:oak_table":2,"minecraft:dirt":738,"handcrafted:oak_side_table":2,"scguns:astella":1,"chipped:curvy_bookshelf":8,"handcrafted:sandstone_corner_trim":6,"chipped:alchemy_bench":4,"minecraft:crafting_table":1,"chipped:mason_table":3,"minecraft:brick_slab":3,"supplementaries:candle_holder":10,"handcrafted:bamboo_bench":6,"refurbished_furniture:oak_cutting_board":1,"chipped:tall_lantern":16,"chipped:wrought_iron_lantern":5,"minecraft:oak_wood":271,"handcrafted:bamboo_fancy_bed":1,"minecraft:painting":3,"minecraft:polished_granite_slab":25,"minecraft:smoker":1,"minecraft:granite":12,"minecraft:spruce_log":101,"handcrafted:wither_skeleton_trophy":1,"handcrafted:spruce_table":4,"minecraft:polished_diorite":43,"handcrafted:terracotta_crockery_combo":1,"chipped:botanical_oak_cubed_bookshelf":12,"minecraft:glass":8,"minecraft:wooden_axe":2,"refurbished_furniture:dark_electricity_generator":1,"handcrafted:blue_crockery_combo":1,"minecraft:flower_pot":2,"refurbished_furniture:dark_oak_crate":14,"chipped:botanist_workbench":3,"chipped:quartz_block_bricks":33,"minecraft:bricks":26,"refurbished_furniture:light_blue_lamp":1,"minecraft:quartz_pillar":4,"handcrafted:dark_oak_couch":4,"minecraft:red_wool":135,"scguns:newborn_cyst":7,"chipped:glassblower":2,"minecraft:grass_block":947,"handcrafted:dark_oak_fancy_bed":1,"scguns:lone_wonder":18,"minecraft:brick_stairs":3,"supplementaries:candle_holder_light_blue":1,"chipped:windowed_warped_door":1,"chipped:donut_lantern":2,"refurbished_furniture:light_microwave":1,"chipped:big_lantern":2,"handcrafted:kitchen_hood_pipe":6,"beautify:bookstack":5,"chipped:gated_mangrove_door":1,"refurbished_furniture:acacia_kitchen_drawer":2,"handcrafted:oven":2,"chipped:wide_lantern":1,"handcrafted:dark_oak_desk":1,"refurbished_furniture:light_electricity_generator":1,"handcrafted:oak_desk":1,"refurbished_furniture:mangrove_kitchen_cabinetry":3,"handcrafted:bamboo_dining_bench":2,"refurbished_furniture:oak_desk":5,"handcrafted:acacia_desk":2,"minecraft:stone_bricks":1,"minecraft:item_frame":11,"chipped:shack_bamboo_door":2,"refurbished_furniture:oak_crate":4,"chipped:checkered_iron_lantern":17,"minecraft:cobblestone":649,"minecraft:potion":1,"minecraft:furnace":1,"handcrafted:oak_dining_bench":1,"handcrafted:crimson_desk":1,"refurbished_furniture:oak_kitchen_sink":1,"toughasnails:purified_water_bottle":7,"handcrafted:oak_fancy_bed":1,"beautify:acacia_picture_frame":5,"farmersdelight:cooking_pot":3,"minecraft:andesite_stairs":18,"minecraft:chain":1,"minecraft:polished_diorite_stairs":2,"chipped:tile_windowed_oak_door":2,"minecraft:egg":1,"minecraft:stripped_oak_log":28,"minecraft:cooked_beef":5,"chipped:carpenters_table":10,"minecraft:coarse_dirt":564,"minecraft:oak_hanging_sign":16,"handcrafted:creeper_trophy":1,"refurbished_furniture:oak_chair":3,"refurbished_furniture:oak_table":3}},"DataVersion":3465}