{"stats":{"minecraft:used":{"scguns:astella":4,"scguns:plasgun":19,"immersive_weathering:rooted_grass_block":17,"minecraft:soul_sand":4,"minecraft:wither_skeleton_skull":3,"scguns:newborn_cyst":23,"scguns:earths_corpse":13,"minecraft:oak_wood":3,"minecraft:gravel":71},"minecraft:picked_up":{"iceandfire:dragon_skull_lightning":1,"minecraft:coarse_dirt":1,"iceandfire:dragonbone":12,"butchersdelight:deadsheep":1,"minecraft:acacia_fence":1,"minecraft:wheat_seeds":2,"soulsweapons:shard_of_uncertainty":1,"minecraft:torch":2,"minecraft:hay_block":4,"minecraft:wither_rose":3,"paraglider:heart_container":1,"minecraft:dirt":26,"minecraft:mutton":1,"minecraft:white_wool":1,"soulsweapons:lord_soul_void":1,"minecraft:nether_star":1},"minecraft:killed":{"zoe:fyber":1,"minecraft:wither":1},"minecraft:dropped":{"minecraft:wheat_seeds":1,"iceandfire:dragon_skull_lightning":1,"iceandfire:dragonbone":12},"minecraft:custom":{"minecraft:time_since_rest":51919,"minecraft:crouch_one_cm":1044,"minecraft:play_time":51919,"minecraft:sprint_one_cm":76112,"minecraft:walk_one_cm":50604,"minecraft:sneak_time":361,"minecraft:walk_under_water_one_cm":1282,"minecraft:mob_kills":2,"minecraft:drop":3,"minecraft:damage_dealt_resisted":18,"minecraft:jump":980,"minecraft:damage_dealt":2125,"minecraft:leave_game":5,"minecraft:time_since_death":51919,"minecraft:walk_on_water_one_cm":238,"minecraft:total_world_time":51919,"minecraft:fly_one_cm":221608,"minecraft:fall_one_cm":39826}},"DataVersion":3465}